"","name","convergence","gene","metal","alpha","ox2RN","ox3RN","axlig1","axlig2","eqlig","ox_2_LS_converged","ox_3_LS_converged","ox_2_HS_converged","ox_3_HS_converged","ox_2_LS_energy","ox_3_LS_energy","ox_2_HS_energy","ox_3_HS_energy","ox_2_LS_init_energy","ox_3_LS_init_energy","ox_2_HS_init_energy","ox_3_HS_init_energy","ox_2_LS_flag_oct","ox_3_LS_flag_oct","ox_2_HS_flag_oct","ox_3_HS_flag_oct","ox_2_LS_num_coord_metal","ox_3_LS_num_coord_metal","ox_2_HS_num_coord_metal","ox_3_HS_num_coord_metal","ox_2_LS_HOMO","ox_3_LS_HOMO","ox_2_HS_HOMO","ox_3_HS_HOMO","ox_2_LS_LUMO","ox_3_LS_LUMO","ox_2_HS_LUMO","ox_3_HS_LUMO","ox_2_LS_rmsd_max","ox_3_LS_rmsd_max","ox_2_HS_rmsd_max","ox_3_HS_rmsd_max","ox_2_LS_atom_dist_max","ox_3_LS_atom_dist_max","ox_2_HS_atom_dist_max","ox_3_HS_atom_dist_max","ox_2_LS_oct_angle_devi_max","ox_3_LS_oct_angle_devi_max","ox_2_HS_oct_angle_devi_max","ox_3_HS_oct_angle_devi_max","ox_2_LS_dist_del_eq","ox_3_LS_dist_del_eq","ox_2_HS_dist_del_eq","ox_3_HS_dist_del_eq","ox_2_LS_dist_del_all","ox_3_LS_dist_del_all","ox_2_HS_dist_del_all","ox_3_HS_dist_del_all","ox_2_LS_max_del_sig_angle","ox_3_LS_max_del_sig_angle","ox_2_HS_max_del_sig_angle","ox_3_HS_max_del_sig_angle","ox_2_LS_coord","ox_3_LS_coord","ox_2_HS_coord","ox_3_HS_coord","ox_2_LS_rmsd","ox_3_LS_rmsd","ox_2_HS_rmsd","ox_3_HS_rmsd","ox_2_LS_maxd","ox_3_LS_maxd","ox_2_HS_maxd","ox_3_HS_maxd","ox_2_LS_status","ox_3_LS_status","ox_2_HS_status","ox_3_HS_status","ox_2_LS_time","ox_3_LS_time","ox_2_HS_time","ox_3_HS_time","ox_2_LS_spin","ox_3_LS_spin","ox_2_HS_spin","ox_3_HS_spin","ox_2_LS_ss_act","ox_3_LS_ss_act","ox_2_HS_ss_act","ox_3_HS_ss_act","ox_2_LS_ss_target","ox_3_LS_ss_target","ox_2_HS_ss_target","ox_3_HS_ss_target","ox_2_LS_ax1_MLB","ox_3_LS_ax1_MLB","ox_2_HS_ax1_MLB","ox_3_HS_ax1_MLB","ox_2_LS_ax2_MLB","ox_3_LS_ax2_MLB","ox_2_HS_ax2_MLB","ox_3_HS_ax2_MLB","ox_2_LS_eq_MLB","ox_3_LS_eq_MLB","ox_2_HS_eq_MLB","ox_3_HS_eq_MLB","ox_2_LS_init_ax1_MLB","ox_3_LS_init_ax1_MLB","ox_2_HS_init_ax1_MLB","ox_3_HS_init_ax1_MLB","ox_2_LS_init_ax2_MLB","ox_3_LS_init_ax2_MLB","ox_2_HS_init_ax2_MLB","ox_3_HS_init_ax2_MLB","ox_2_LS_init_eq_MLB","ox_3_LS_init_eq_MLB","ox_2_HS_init_eq_MLB","ox_3_HS_init_eq_MLB","ox_2_LS_thermo_cont","ox_3_LS_thermo_cont","ox_2_HS_thermo_cont","ox_3_HS_thermo_cont","ox_2_LS_imag","ox_3_LS_imag","ox_2_HS_imag","ox_3_HS_imag","ox_2_LS_solvent_cont","ox_3_LS_solvent_cont","ox_2_HS_solvent_cont","ox_3_HS_solvent_cont","ox_2_LS_geopath","ox_3_LS_geopath","ox_2_HS_geopath","ox_3_HS_geopath","ox_2_LS_terachem_version","ox_3_LS_terachem_version","ox_2_HS_terachem_version","ox_3_HS_terachem_version","ox_2_LS_terachem_detailed_version","ox_3_LS_terachem_detailed_version","ox_2_HS_terachem_detailed_version","ox_3_HS_terachem_detailed_version","ox_2_LS_basis","ox_3_LS_basis","ox_2_HS_basis","ox_3_HS_basis","ox_2_LS_charge","ox_3_LS_charge","ox_2_HS_charge","ox_3_HS_charge","ox_2_LS_alpha_level_shift","ox_3_LS_alpha_level_shift","ox_2_HS_alpha_level_shift","ox_3_HS_alpha_level_shift","ox_2_LS_beta_level_shift","ox_3_LS_beta_level_shift","ox_2_HS_beta_level_shift","ox_3_HS_beta_level_shift","ox_2_LS_functional","ox_3_LS_functional","ox_2_HS_functional","ox_3_HS_functional","ox_2_LS_mop_energy","ox_3_LS_mop_energy","ox_2_HS_mop_energy","ox_3_HS_mop_energy","ox_2_LS_mop_coord","ox_3_LS_mop_coord","ox_2_HS_mop_coord","ox_3_HS_mop_coord","ox_2_LS_attempted","ox_3_LS_attempted","ox_2_HS_attempted","ox_3_HS_attempted","attempted","eqn","goodConvergence"
"co_eq_smi150_ax1_smi150_ax2_smi150_ahf_20","co_eq_smi150_ax1_smi150_ax2_smi150_ahf_20",4,"co_smi150_smi150_smi150",3,20,470,471,"smi150","smi150","smi150","True","True","True","True","-712.5124774908","-712.0144377222","-712.5218130172","-711.9486173200","-712.4726149111","-711.9962838085","-712.5074520132","-711.9155347521","1","1","1","1","6","6","6","6","undef","undef","undef","undef","undef","undef","undef","undef","0.00506289792978","0.00312698953523","0.00444778318166","0.00113632062754","0.00506289792978","0.00312698953523","0.00444778318166","0.00113632062754","1.81556541659","1.40493280335","0.966872068673","0.840332633982","0.00602860073933","0.00054728963483","0.00259982759834","0.00151149886757","0.32487622594","0.00182106081701","0.00659006726383","0.00449101373807","2.66047808704","1.84810973177","1.65021199244","1.09741231615","6","6","6","6","0.710772309838","0.692625998729","0.100290747397","0.707613160681","4.35021119806","4.00181837511","4.26286369552","4.17648210723","0","0","0","0","15905.92","5742.16","4443.63","6062.90","2","1","4","5","0.756565","0.0","3.755623","6.008086","0.75","0.0","3.75","6.0","2.32388425305","1.98618424854","2.25924570919","2.15112845797","2.32534028326","1.9860596195","2.25798068466","2.15111822797","2.00321643253","1.98717847638","2.26207315949","2.15489265181","2.003999","2.000455","2.273953","2.247907","2.003999","2.000455","2.273953","2.247907","2.003999","2.000455","2.273953","2.247907","False","False","False","False","False","False","False","False","False","False","False","False","/home/sgugler/smu/smuNeturalHomo1/optimized_geo/gen_0/gen_0_slot_470_3_2_150_150_150_20_2.xyz","/home/sgugler/smu/smuNeturalHomo1/optimized_geo/gen_0/gen_0_slot_471_3_3_150_150_150_20_1.xyz","/home/sgugler/smu/smuNeturalHomo1/optimized_geo/gen_0/gen_0_slot_470_3_2_150_150_150_20_4.xyz","/home/sgugler/smu/smuNeturalHomo1/optimized_geo/gen_0/gen_0_slot_471_3_3_150_150_150_20_5.xyz","v1.5K","v1.5K","v1.5K","v1.5K","0753f81bf97b+","0753f81bf97b+","0753f81bf97b+","0753f81bf97b+","lacvps_ecp","lacvps_ecp","lacvps_ecp","lacvps_ecp","2","3","2","3","1.0","1.0","1.0","1.0","0.1","0.1","0.1","0.1","b3lyp","b3lyp","b3lyp","b3lyp","undef","undef","undef","undef","0","0","0","0","True","True","True","True",4,150,4
"mn_eq_smi153_ax1_smi153_ax2_smi153_ahf_20","mn_eq_smi153_ax1_smi153_ax2_smi153_ahf_20",4,"mn_smi153_smi153_smi153",1,20,474,475,"smi153","smi153","smi153","True","True","True","True","-767.3036916033","-766.6817554110","-767.3280703713","-766.7322187989","-767.2286291243","-766.6123630097","-767.1303505571","-766.7321756282","1","1","1","1","6","6","6","6","undef","undef","undef","undef","undef","undef","undef","undef","0.00152787892131","0.0187887695239","0.000951632472158","0.0174502321554","0.00152787892131","0.0187887695239","0.000951632472158","0.0174502321554","4.62286276387","3.41882140856","3.59233466148","2.63192528974","0.038478202703","0.00725135608814","0.0179034706921","0.0126315612806","0.0796545138505","0.10205982798","0.0845218097971","0.0416167029729","5.75478065985","6.45174872793","4.8349352241","4.98025613396","6","6","6","6","0.606785508089","0.643376137784","0.77865505767","0.718342497799","3.14276884536","3.73960976021","3.36034604438","3.78065514736","0","0","0","0","6980.65","19990.81","5314.67","5610.05","2","1","6","5","0.785689","1.901909","8.752545","6.48526","0.75","0.0","8.75","6.0","2.05368722037","2.09074330669","2.31554950948","2.11421458694","2.0287415249","2.09716198869","2.35139125536","2.08772728207","2.0531947257","2.0706340822","2.35732566041","2.09621850013","2.142244","2.083029","2.391362","2.074837","2.142244","2.083029","2.391362","2.074837","2.142244","2.083029","2.391362","2.074837","False","False","False","False","False","False","False","False","False","False","False","False","/home/sgugler/smu/smuNeturalHomo1/optimized_geo/gen_0/gen_0_slot_474_1_2_153_153_153_20_2.xyz","/home/sgugler/smu/smuNeturalHomo1/optimized_geo/gen_0/gen_0_slot_475_1_3_153_153_153_20_1.xyz","/home/sgugler/smu/smuNeturalHomo1/optimized_geo/gen_0/gen_0_slot_474_1_2_153_153_153_20_6.xyz","/home/sgugler/smu/smuNeturalHomo1/optimized_geo/gen_0/gen_0_slot_475_1_3_153_153_153_20_5.xyz","v1.5K","v1.5K","v1.5K","v1.5K","0753f81bf97b+","0753f81bf97b+","0753f81bf97b+","0753f81bf97b+","lacvps_ecp","lacvps_ecp","lacvps_ecp","lacvps_ecp","2","3","2","3","1.0","1.0","1.0","1.0","0.1","0.1","0.1","0.1","b3lyp","b3lyp","b3lyp","b3lyp","undef","undef","undef","undef","0","0","0","0","True","True","True","True",4,153,4
"mn_eq_smi9_ax1_smi9_ax2_smi9_ahf_20","mn_eq_smi9_ax1_smi9_ax2_smi9_ahf_20",4,"mn_smi9_smi9_smi9",1,20,10,11,"smi9","smi9","smi9","True","True","True","True","-442.8636753621","-442.3169751286","-442.9236792387","-442.3464141854","-442.8447427749","-442.3005445566","-442.9022248157","-442.3054879373","1","1","1","1","6","6","6","6","undef","undef","undef","undef","undef","undef","undef","undef","0.0","0.0","0.0","0.0","0","0","0","0","0.524145776428","2.30192848648","1.5404974625","2.50007282502","0.00333736332973","0.000232467078827","0.00352637306969","0.00252507373117","0.00645848018618","0.00517878839011","0.00635859491515","0.275271829532","0.704759096648","4.14967486431","2.87335360661","4.65741514296","6","6","6","6","0.544663981806","0.526258992342","0.580702214042","0.528072606755","2.78109885741","2.70673524764","2.94466262442","2.97739078369","0","0","0","0","9182.68","58578.03","2754.26","10810.40","2","1","6","5","0.882118","1.108563","8.751702","6.068093","0.75","0.0","8.75","6.0","2.16089371109","2.09962839457","2.35372944651","2.11320685873","2.16057209133","2.10457471588","2.35733316752","2.11153244197","2.1606009904","2.10050168253","2.35474319216","2.24712397926","2.119295","2.048041","2.338479","2.061387","2.119295","2.048041","2.338479","2.061387","2.119295","2.048041","2.338479","2.061387","False","False","False","False","False","False","False","False","False","False","False","False","/home/sgugler/smu/smuNeturalHomo1/optimized_geo/gen_0/gen_0_slot_10_1_2_9_9_9_20_2.xyz","/home/sgugler/smu/smuNeturalHomo1/optimized_geo/gen_0/gen_0_slot_11_1_3_9_9_9_20_1.xyz","/home/sgugler/smu/smuNeturalHomo1/optimized_geo/gen_0/gen_0_slot_10_1_2_9_9_9_20_6.xyz","/home/sgugler/smu/smuNeturalHomo1/optimized_geo/gen_0/gen_0_slot_11_1_3_9_9_9_20_5.xyz","v1.5K","v1.5K","v1.5K","v1.5K","0753f81bf97b+","0753f81bf97b+","0753f81bf97b+","0753f81bf97b+","lacvps_ecp","lacvps_ecp","lacvps_ecp","lacvps_ecp","2","3","2","3","1.0","1.0","1.0","1.0","0.1","0.1","0.1","0.1","b3lyp","b3lyp","b3lyp","b3lyp","undef","undef","undef","undef","0","0","0","0","True","True","True","True",4,9,4
"mn_eq_smi163_ax1_smi163_ax2_smi163_ahf_20","mn_eq_smi163_ax1_smi163_ax2_smi163_ahf_20",4,"mn_smi163_smi163_smi163",1,20,514,515,"smi163","smi163","smi163","True","True","True","True","-760.3964779815","-759.6454965153","-760.4582249353","-759.6747520320","-760.3833799761","-759.6453183150","-760.4484444075","-759.6680300921","1","1","1","1","6","6","6","6","undef","undef","undef","undef","undef","undef","undef","undef","0.00782270430104","0.00424978511805","0.00774099968017","0.00600501944898","0.00782270430104","0.00424978511805","0.00774099968017","0.00600501944898","1.12457202086","5.27461911064","0.000413636981884","0.0275436130974","0.000473302923071","0.0768513797263","4.04461417292e-06","0.00165726389067","0.00259979576348","0.239865781126","9.93960764806e-06","0.175291523385","1.92467544581","7.22320890115","0.000810284718085","0.0462659688326","6","6","6","6","0.554580802674","1.00551269432","0.131562852509","0.0821776524952","3.16514993137","3.24408996803","3.43588845539","3.31804405076","0","0","0","0","14144.97","16322.97","229.70","1645.01","2","1","6","5","0.830342","1.200133","8.751201","6.097782","0.75","0.0","8.75","6.0","2.05777722641","1.97973355241","2.3313725243","2.03456994777","2.05785284679","1.94728225618","2.33137656891","2.03458081836","2.05930921808","2.02426778572","2.33137471759","2.20907334052","2.025314","2.118788","2.460357","2.168615","2.025314","2.118788","2.460357","2.168615","2.025314","2.118788","2.460357","2.168615","False","False","False","False","False","False","False","False","False","False","False","False","/home/sgugler/smu/smuNeturalHomo1/optimized_geo/gen_0/gen_0_slot_514_1_2_163_163_163_20_2.xyz","/home/sgugler/smu/smuNeturalHomo1/optimized_geo/gen_0/gen_0_slot_515_1_3_163_163_163_20_1.xyz","/home/sgugler/smu/smuNeturalHomo1/optimized_geo/gen_0/gen_0_slot_514_1_2_163_163_163_20_6.xyz","/home/sgugler/smu/smuNeturalHomo1/optimized_geo/gen_0/gen_0_slot_515_1_3_163_163_163_20_5.xyz","v1.5K","v1.5K","v1.5K","v1.5K","0753f81bf97b+","0753f81bf97b+","0753f81bf97b+","0753f81bf97b+","lacvps_ecp","lacvps_ecp","lacvps_ecp","lacvps_ecp","2","3","2","3","1.0","1.0","1.0","1.0","0.1","0.1","0.1","0.1","b3lyp","b3lyp","b3lyp","b3lyp","undef","undef","undef","undef","0","0","0","0","True","True","True","True",4,163,4
"fe_eq_smi238_ax1_smi238_ax2_smi238_ahf_20","fe_eq_smi238_ax1_smi238_ax2_smi238_ahf_20",4,"fe_smi238_smi238_smi238",2,20,684,685,"smi238","smi238","smi238","True","True","True","True","-810.0278644058","-809.4650110580","-810.0475756892","-809.4814832471","-810.0274650074","-809.4650086809","-810.0258795133","-809.4530324421","1","1","1","1","6","6","6","6","undef","undef","undef","undef","undef","undef","undef","undef","0.00443058165198","0.00875554298869","0.00382379656163","0.00730416787016","0.00443058165198","0.00875554298869","0.00382379656163","0.00730416787016","1.47354494942","1.49865805819","5.29190164886","1.58915155421","0.00105055317497","0.000640190434334","0.00848094183887","0.0082206002357","0.00273708040818","0.0184490964221","0.0223551503695","0.0695712947764","2.5359713685","2.5911851435","9.19989366289","2.99321753163","6","6","6","6","1.65181562464","1.05407302329","1.09687495009","0.963494365081","3.92637528125","3.91787090113","4.14094560467","4.05929843301","0","0","0","0","16808.31","1154.87","12369.00","15036.70","1","2","5","6","0.065376","0.819205","6.011338","8.760651","0.0","0.75","6.0","8.75","1.98370589088","1.93305830866","2.1455267331","2.06443230059","1.98263480437","1.9340538807","2.12675583775","2.06963337093","1.98152429988","1.95130715162","2.13141636827","2.03750578073","1.873032","1.852911","2.089673","1.991412","1.873032","1.852911","2.089673","1.991412","1.873032","1.852911","2.089673","1.991412","False","False","False","False","False","False","False","False","False","False","False","False","/home/sgugler/smu/smuNeturalHomo1/optimized_geo/gen_0/gen_0_slot_684_2_2_238_238_238_20_1.xyz","/home/sgugler/smu/smuNeturalHomo1/optimized_geo/gen_0/gen_0_slot_685_2_3_238_238_238_20_2.xyz","/home/sgugler/smu/smuNeturalHomo1/optimized_geo/gen_0/gen_0_slot_684_2_2_238_238_238_20_5.xyz","/home/sgugler/smu/smuNeturalHomo1/optimized_geo/gen_0/gen_0_slot_685_2_3_238_238_238_20_6.xyz","v1.5K","v1.5K","v1.5K","v1.5K","0753f81bf97b+","0753f81bf97b+","0753f81bf97b+","0753f81bf97b+","lacvps_ecp","lacvps_ecp","lacvps_ecp","lacvps_ecp","2","3","2","3","1.0","1.0","1.0","1.0","0.1","0.1","0.1","0.1","b3lyp","b3lyp","b3lyp","b3lyp","undef","undef","undef","undef","0","0","0","0","True","True","True","True",4,238,4
"fe_eq_smi9_ax1_smi9_ax2_smi9_ahf_20","fe_eq_smi9_ax1_smi9_ax2_smi9_ahf_20",4,"fe_smi9_smi9_smi9",2,20,12,13,"smi9","smi9","smi9","True","True","True","True","-462.3945177096","-461.8403677027","-462.4098813076","-461.8324733984","-462.3519121049","-461.8242623330","-462.3860010123","-461.8149198369","1","1","1","1","6","6","6","6","undef","undef","undef","undef","undef","undef","undef","undef","0.0","0.0","0.0","0.0","0","0","0","0","0.897701896079","3.03576677072","2.70456703918","3.37204341601","0.000652868733226","0.00186806098534","0.0119747378634","0.000652675712729","0.00281166866843","0.00403527991342","0.0254389810411","0.00248615469702","1.61138918803","4.75053685413","4.39274112883","6.51706091763","6","6","6","6","0.531107454627","0.627017332788","0.613519284228","0.735151029521","2.70999499603","2.67293370453","2.8893039687","2.81179752991","0","0","0","0","7883.79","11541.31","3740.30","3219.32","1","2","5","6","2.3e-05","0.796025","6.004017","8.754728","0.0","0.75","6.0","8.75","2.1051438605","2.0640956932","2.30454363408","2.22754544606","2.10449099177","2.065599697","2.30545486328","2.22788289426","2.10455341297","2.06600473806","2.28680359253","2.22723726572","1.937391","1.999298","2.213098","2.19986","1.937391","1.999298","2.213098","2.19986","1.937391","1.999298","2.213098","2.19986","False","False","False","False","False","False","False","False","False","False","False","False","/home/sgugler/smu/smuNeturalHomo1/optimized_geo/gen_0/gen_0_slot_12_2_2_9_9_9_20_1.xyz","/home/sgugler/smu/smuNeturalHomo1/optimized_geo/gen_0/gen_0_slot_13_2_3_9_9_9_20_2.xyz","/home/sgugler/smu/smuNeturalHomo1/optimized_geo/gen_0/gen_0_slot_12_2_2_9_9_9_20_5.xyz","/home/sgugler/smu/smuNeturalHomo1/optimized_geo/gen_0/gen_0_slot_13_2_3_9_9_9_20_6.xyz","v1.5K","v1.5K","v1.5K","v1.5K","0753f81bf97b+","0753f81bf97b+","0753f81bf97b+","0753f81bf97b+","lacvps_ecp","lacvps_ecp","lacvps_ecp","lacvps_ecp","2","3","2","3","1.0","1.0","1.0","1.0","0.1","0.1","0.1","0.1","b3lyp","b3lyp","b3lyp","b3lyp","undef","undef","undef","undef","0","0","0","0","True","True","True","True",4,9,4
"cr_eq_smi9_ax1_smi9_ax2_smi9_ahf_20","cr_eq_smi9_ax1_smi9_ax2_smi9_ahf_20",4,"cr_smi9_smi9_smi9",0,20,8,9,"smi9","smi9","smi9","True","True","True","True","-425.2551436179","-424.7392754211","-425.2939115594","-424.7820583010","-425.2335085649","-424.7210699399","-425.2478871969","-424.7622427754","1","1","1","1","6","6","6","6","undef","undef","undef","undef","undef","undef","undef","undef","0.0","0.0","0.0","0.0","0","0","0","0","1.09595637579","2.30696069227","1.80836326855","1.8204738922","0.00176034340206","0.000981372116082","0.00217324789995","0.00112894089955","0.0737138648267","0.0034314412052","0.375346054743","0.00338573623956","2.03719459148","4.11881656049","3.65849452555","3.35052226227","6","6","6","6","0.53525937455","0.496822394561","0.647273926824","0.531540459331","2.88402368165","2.74657564874","3.16679588159","2.75218851208","0","0","0","0","44134.32","61892.19","11520.22","2511.37","1","2","5","4","1.509585","1.756356","6.009856","3.780767","0.0","0.75","6.0","3.75","2.28969078337","2.14409731455","2.58697504931","2.14878349275","2.29391235081","2.14200749251","2.58815055232","2.14962645562","2.22107118266","2.14250719487","2.213770266","2.14863082689","2.188085","2.102806","2.169659","2.09443","2.188085","2.102806","2.169659","2.09443","2.188085","2.102806","2.169659","2.09443","False","False","False","False","False","False","False","False","False","False","False","False","/home/sgugler/smu/smuNeturalHomo1/optimized_geo/gen_0/gen_0_slot_8_0_2_9_9_9_20_1.xyz","/home/sgugler/smu/smuNeturalHomo1/optimized_geo/gen_0/gen_0_slot_9_0_3_9_9_9_20_2.xyz","/home/sgugler/smu/smuNeturalHomo1/optimized_geo/gen_0/gen_0_slot_8_0_2_9_9_9_20_5.xyz","/home/sgugler/smu/smuNeturalHomo1/optimized_geo/gen_0/gen_0_slot_9_0_3_9_9_9_20_4.xyz","v1.5K","v1.5K","v1.5K","v1.5K","0753f81bf97b+","0753f81bf97b+","0753f81bf97b+","0753f81bf97b+","lacvps_ecp","lacvps_ecp","lacvps_ecp","lacvps_ecp","2","3","2","3","1.0","1.0","1.0","1.0","0.1","0.1","0.1","0.1","b3lyp","b3lyp","b3lyp","b3lyp","undef","undef","undef","undef","0","0","0","0","True","True","True","True",4,9,4
"co_eq_smi9_ax1_smi9_ax2_smi9_ahf_20","co_eq_smi9_ax1_smi9_ax2_smi9_ahf_20",4,"co_smi9_smi9_smi9",3,20,14,15,"smi9","smi9","smi9","True","True","True","True","-484.0247637926","-483.4819876950","-484.0415279752","-483.4244067433","-483.9474013657","-483.4670303491","-484.0227515662","-483.4085676704","1","1","1","1","6","6","6","6","undef","undef","undef","undef","undef","undef","undef","undef","0.0","0.0","0.0","0.0","0","0","0","0","1.57646524097","1.74781398518","2.40464774636","4.40253956614","0.0220176003335","0.00180814183013","0.00114762316924","0.00620970281566","0.334028563121","0.00403071593563","0.00791914421758","0.0162627669689","2.99324101263","3.31546702447","3.51499060446","8.08710358553","6","6","6","6","0.613277964451","0.423347872411","0.592374653207","0.691852719185","2.98590901875","2.63743293696","2.84447955127","2.79741440928","0","0","0","0","14308.27","1817.33","3125.38","3656.32","2","1","4","5","0.879678","0.0","3.753375","6.007023","0.75","0.0","3.75","6.0","2.39345368216","2.03150398674","2.25328511882","2.21511791744","2.38596624213","2.03242784461","2.24973778315","2.19885515047","2.07127569588","2.03195950518","2.25495785818","2.20857523348","1.926864","1.966571","2.225636","2.22688","1.926864","1.966571","2.225636","2.22688","1.926864","1.966571","2.225636","2.22688","False","False","False","False","False","False","False","False","False","False","False","False","/home/sgugler/smu/smuNeturalHomo1/optimized_geo/gen_0/gen_0_slot_14_3_2_9_9_9_20_2.xyz","/home/sgugler/smu/smuNeturalHomo1/optimized_geo/gen_0/gen_0_slot_15_3_3_9_9_9_20_1.xyz","/home/sgugler/smu/smuNeturalHomo1/optimized_geo/gen_0/gen_0_slot_14_3_2_9_9_9_20_4.xyz","/home/sgugler/smu/smuNeturalHomo1/optimized_geo/gen_0/gen_0_slot_15_3_3_9_9_9_20_5.xyz","v1.5K","v1.5K","v1.5K","v1.5K","0753f81bf97b+","0753f81bf97b+","0753f81bf97b+","0753f81bf97b+","lacvps_ecp","lacvps_ecp","lacvps_ecp","lacvps_ecp","2","3","2","3","1.0","1.0","1.0","1.0","0.1","0.1","0.1","0.1","b3lyp","b3lyp","b3lyp","b3lyp","undef","undef","undef","undef","0","0","0","0","True","True","True","True",4,9,4
"cr_eq_smi232_ax1_smi232_ax2_smi232_ahf_20","cr_eq_smi232_ax1_smi232_ax2_smi232_ahf_20",4,"cr_smi232_smi232_smi232",0,20,664,665,"smi232","smi232","smi232","True","True","True","True","-2596.0484876979","-2595.5553584188","-2596.1050258498","-2595.5961930660","-2596.0484764266","-2595.5553569307","-2596.0171112416","-2595.5083038880","1","1","1","1","6","6","6","6","undef","undef","undef","undef","undef","undef","undef","undef","0.0178076714622","0.0474089750721","0.014930260203","0.0448830662418","0.0178076714622","0.0474089750721","0.014930260203","0.0448830662418","6.87359693744","3.06502752671","8.46143343107","2.44225472762","0.0457086905188","0.0201376356314","0.0407661636276","0.00547861323486","0.12329740587","0.0483532339477","0.368524246739","0.0199986711466","9.79475202303","5.72973400556","14.5018208386","3.49967870284","6","6","6","6","0.725005442218","0.664943601294","1.07002900615","1.2607775349","4.40470038978","4.14830996937","4.26929253926","3.82843302888","0","0","0","0","5968.66","8393.87","17496.93","10170.23","1","2","5","4","1.636588","1.758231","6.00789","3.790473","0.0","0.75","6.0","3.75","2.17724173196","2.04928055696","2.11311104188","2.0241788487","2.20136305472","2.00092732301","2.10763246439","2.02530134286","2.13265946376","2.021716338","2.25883313193","2.01520912446","2.06418","1.944466","2.023794","1.910384","2.06418","1.944466","2.023794","1.910384","2.06418","1.944466","2.023794","1.910384","False","False","False","False","False","False","False","False","False","False","False","False","/home/sgugler/smu/smuNeturalHomo1/optimized_geo/gen_0/gen_0_slot_664_0_2_232_232_232_20_1.xyz","/home/sgugler/smu/smuNeturalHomo1/optimized_geo/gen_0/gen_0_slot_665_0_3_232_232_232_20_2.xyz","/home/sgugler/smu/smuNeturalHomo1/optimized_geo/gen_0/gen_0_slot_664_0_2_232_232_232_20_5.xyz","/home/sgugler/smu/smuNeturalHomo1/optimized_geo/gen_0/gen_0_slot_665_0_3_232_232_232_20_4.xyz","v1.5K","v1.5K","v1.5K","v1.5K","0753f81bf97b+","0753f81bf97b+","0753f81bf97b+","0753f81bf97b+","lacvps_ecp","lacvps_ecp","lacvps_ecp","lacvps_ecp","2","3","2","3","1.0","1.0","1.0","1.0","0.1","0.1","0.1","0.1","b3lyp","b3lyp","b3lyp","b3lyp","undef","undef","undef","undef","0","0","0","0","True","True","True","True",4,232,4
"co_eq_smi307_ax1_smi307_ax2_smi307_ahf_20","co_eq_smi307_ax1_smi307_ax2_smi307_ahf_20",4,"co_smi307_smi307_smi307",3,20,878,879,"smi307","smi307","smi307","True","True","True","True","-2431.9338508168","-2431.4324333662","-2431.9296569712","-2431.3682849846","-2431.8641568320","-2431.3482834387","-2431.9294347531","-2431.3631717261","1","1","1","1","6","6","6","6","undef","undef","undef","undef","undef","undef","undef","undef","0.00270434664871","0.00599440587352","0.00413740163914","0.0155271403176","0.00270434664871","0.00599440587352","0.00413740163914","0.0155271403176","0.469894853032","1.11434527315","1.34266998082","2.8936973148","0.00251342456741","0.00438578984076","0.013804071541","0.0265535862504","0.358826798241","0.0160837087136","0.0245151504456","0.0686305149803","0.770482714043","2.29511456033","2.11149748961","5.20406231055","6","6","6","6","1.05333739421","0.920967610267","0.923295291848","0.895452310902","5.01788623078","4.63115720073","4.93631593802","5.02032373132","0","0","0","0","21053.01","12198.91","5385.65","8687.42","2","1","4","5","0.777728","0.0","3.761529","6.014397","0.75","0.0","3.75","6.0","2.32575278322","2.33062645714","2.62270414065","2.64585029988","2.32593390251","2.33501224698","2.61451326029","2.64063232298","2.50240227213","2.33296843886","2.6046533183","2.62396777929","2.32","2.32","2.32","2.32","2.32","2.32","2.32","2.32","2.32","2.32","2.32","2.32","False","False","False","False","False","False","False","False","False","False","False","False","/home/sgugler/smu/smuNeturalHomo1/optimized_geo/gen_0/gen_0_slot_878_3_2_307_307_307_20_2.xyz","/home/sgugler/smu/smuNeturalHomo1/optimized_geo/gen_0/gen_0_slot_879_3_3_307_307_307_20_1.xyz","/home/sgugler/smu/smuNeturalHomo1/optimized_geo/gen_0/gen_0_slot_878_3_2_307_307_307_20_4.xyz","/home/sgugler/smu/smuNeturalHomo1/optimized_geo/gen_0/gen_0_slot_879_3_3_307_307_307_20_5.xyz","v1.5K","v1.5K","v1.5K","v1.5K","0753f81bf97b+","0753f81bf97b+","0753f81bf97b+","0753f81bf97b+","lacvps_ecp","lacvps_ecp","lacvps_ecp","lacvps_ecp","2","3","2","3","1.0","1.0","1.0","1.0","0.1","0.1","0.1","0.1","b3lyp","b3lyp","b3lyp","b3lyp","undef","undef","undef","undef","0","0","0","0","True","True","True","True",4,307,4
"fe_eq_smi161_ax1_smi161_ax2_smi161_ahf_20","fe_eq_smi161_ax1_smi161_ax2_smi161_ahf_20",4,"fe_smi161_smi161_smi161",2,20,508,509,"smi161","smi161","smi161","True","True","True","True","-683.5771883953","-682.9910414029","-683.5830062948","-682.9955145996","-683.5726928844","-682.9870059528","-683.5563314073","-682.9725658387","1","1","1","1","6","6","6","6","undef","undef","undef","undef","undef","undef","undef","undef","0.00397449956186","0.00398913212222","0.00272864777097","0.00147399990038","0.00397449956187","0.00398913212222","0.00272864777097","0.00147399990038","0.00307106263617","0.727511733813","0.0166451351656","0.00218593188304","4.85701656605e-06","7.01976365105e-05","7.33791884704e-05","3.48617196799e-06","8.82927438495e-06","0.00134655561055","0.00545934438348","7.34588768392e-06","0.00549253386072","1.81534422791","0.0359734325505","0.00324113876025","6","6","6","6","0.0442635733418","0.0340628891488","0.220587784454","0.140657196317","4.19882716852","4.18251004032","4.43248488241","4.33730464736","0","0","0","0","590.32","2536.18","1549.50","290.01","1","2","5","6","0.0","0.789087","6.007629","8.755185","0.0","0.75","6.0","8.75","1.97124785025","1.94611534358","2.20301556396","2.09736719973","1.97125667953","1.94610940404","2.20308894315","2.0973692933","1.97125220701","1.94547276397","2.20034826237","2.09736701459","2.017222","1.960767","2.430673","2.248521","2.017222","1.960767","2.430673","2.248521","2.017222","1.960767","2.430673","2.248521","False","False","False","False","False","False","False","False","False","False","False","False","/home/sgugler/smu/smuNeturalHomo1/optimized_geo/gen_0/gen_0_slot_508_2_2_161_161_161_20_1.xyz","/home/sgugler/smu/smuNeturalHomo1/optimized_geo/gen_0/gen_0_slot_509_2_3_161_161_161_20_2.xyz","/home/sgugler/smu/smuNeturalHomo1/optimized_geo/gen_0/gen_0_slot_508_2_2_161_161_161_20_5.xyz","/home/sgugler/smu/smuNeturalHomo1/optimized_geo/gen_0/gen_0_slot_509_2_3_161_161_161_20_6.xyz","v1.5K","v1.5K","v1.5K","v1.5K","0753f81bf97b+","0753f81bf97b+","0753f81bf97b+","0753f81bf97b+","lacvps_ecp","lacvps_ecp","lacvps_ecp","lacvps_ecp","2","3","2","3","1.0","1.0","1.0","1.0","0.1","0.1","0.1","0.1","b3lyp","b3lyp","b3lyp","b3lyp","undef","undef","undef","undef","0","0","0","0","True","True","True","True",4,161,4
"co_eq_smi293_ax1_smi293_ax2_smi293_ahf_20","co_eq_smi293_ax1_smi293_ax2_smi293_ahf_20",4,"co_smi293_smi293_smi293",3,20,838,839,"smi293","smi293","smi293","True","True","True","True","-2439.4172224821","-2438.9508524569","-2439.4081964707","-2438.8764224024","-2439.4168759965","-2438.8256973448","-2439.2573052332","-2438.6771962494","1","1","1","1","6","6","6","6","undef","undef","undef","undef","undef","undef","undef","undef","0.0130675573819","0.0159736644501","0.00601754729921","0.0118862567488","0.0130675573819","0.0159736644501","0.00601754729921","0.0118862567488","3.373754532","2.32733347992","2.2078721291","3.43109782459","0.0145597782997","0.00163607872255","0.00891545547815","0.0114660455896","0.472563952236","0.0189503918359","0.0200051761271","0.0277499048834","4.67475842238","5.25562995733","3.41500114127","4.26020010638","6","6","6","6","0.816363421049","0.87645877023","0.945050759668","0.945809448657","5.14945561736","4.63462694753","4.94598544748","4.95798344917","0","0","0","0","20975.37","11841.76","18408.74","18609.75","2","1","4","5","0.77572","0.0","3.759453","6.010403","0.75","0.0","3.75","6.0","2.74331563043","2.36228169694","2.63459587413","2.66300097495","2.80595550848","2.36145672773","2.64954904984","2.67446702054","2.3413664062","2.36081514855","2.63749454516","2.66084429821","2.32","2.32","2.32","2.32","2.32","2.32","2.32","2.32","2.32","2.32","2.32","2.32","False","False","False","False","False","False","False","False","False","False","False","False","/home/sgugler/smu/smuNeturalHomo1/optimized_geo/gen_0/gen_0_slot_838_3_2_293_293_293_20_2.xyz","/home/sgugler/smu/smuNeturalHomo1/optimized_geo/gen_0/gen_0_slot_839_3_3_293_293_293_20_1.xyz","/home/sgugler/smu/smuNeturalHomo1/optimized_geo/gen_0/gen_0_slot_838_3_2_293_293_293_20_4.xyz","/home/sgugler/smu/smuNeturalHomo1/optimized_geo/gen_0/gen_0_slot_839_3_3_293_293_293_20_5.xyz","v1.5K","v1.5K","v1.5K","v1.5K","0753f81bf97b+","0753f81bf97b+","0753f81bf97b+","0753f81bf97b+","lacvps_ecp","lacvps_ecp","lacvps_ecp","lacvps_ecp","2","3","2","3","1.0","1.0","1.0","1.0","0.1","0.1","0.1","0.1","b3lyp","b3lyp","b3lyp","b3lyp","undef","undef","undef","undef","0","0","0","0","True","True","True","True",4,293,4
"cr_eq_smi14_ax1_smi14_ax2_smi14_ahf_20","cr_eq_smi14_ax1_smi14_ax2_smi14_ahf_20",4,"cr_smi14_smi14_smi14",0,20,24,25,"smi14","smi14","smi14","True","True","True","True","-544.3644086469","-543.7958562836","-544.4082031291","-543.8266978391","-544.3319286996","-543.7509852602","-544.3502356739","-543.7824631815","1","1","1","1","6","6","6","6","undef","undef","undef","undef","undef","undef","undef","undef","0.0","0.0","0.0","0.0","0","0","0","0","4.65394677833","0.432730204072","5.25606805405","3.91912959623","0.0281580870261","0.000278868012322","0.00659581837517","0.00372384570001","0.078402924069","0.00268615927145","0.294334629852","0.00707048301809","5.96028412503","0.547370985084","9.17700518129","5.9563621431","6","6","6","6","0.668630736233","0.685531100873","0.608444140069","0.712407834131","2.87591105827","2.69654002531","3.09505729399","2.74340944269","0","0","0","0","17052.02","48205.26","3009.45","3011.72","1","2","5","4","1.566403","1.753283","6.00418","3.763033","0.0","0.75","6.0","3.75","2.12137960907","1.99136661899","2.09944271054","2.00277133647","2.12135327458","1.99108775098","2.09905451882","2.00773173638","2.13241390139","1.98997998426","2.24009848261","2.00623894169","2.063422","1.944228","2.023998","1.910176","2.063422","1.944228","2.023998","1.910176","2.063422","1.944228","2.023998","1.910176","False","False","False","False","False","False","False","False","False","False","False","False","/home/sgugler/smu/smuNeturalHomo1/optimized_geo/gen_0/gen_0_slot_24_0_2_14_14_14_20_1.xyz","/home/sgugler/smu/smuNeturalHomo1/optimized_geo/gen_0/gen_0_slot_25_0_3_14_14_14_20_2.xyz","/home/sgugler/smu/smuNeturalHomo1/optimized_geo/gen_0/gen_0_slot_24_0_2_14_14_14_20_5.xyz","/home/sgugler/smu/smuNeturalHomo1/optimized_geo/gen_0/gen_0_slot_25_0_3_14_14_14_20_4.xyz","v1.5K","v1.5K","v1.5K","v1.5K","0753f81bf97b+","0753f81bf97b+","0753f81bf97b+","0753f81bf97b+","lacvps_ecp","lacvps_ecp","lacvps_ecp","lacvps_ecp","2","3","2","3","1.0","1.0","1.0","1.0","0.1","0.1","0.1","0.1","b3lyp","b3lyp","b3lyp","b3lyp","undef","undef","undef","undef","0","0","0","0","True","True","True","True",4,14,4
"fe_eq_smi163_ax1_smi163_ax2_smi163_ahf_20","fe_eq_smi163_ax1_smi163_ax2_smi163_ahf_20",4,"fe_smi163_smi163_smi163",2,20,516,517,"smi163","smi163","smi163","True","True","True","True","-779.9136423514","-779.1491925484","-779.9415360399","-779.1690735966","-779.9063067529","-779.1435897362","-779.9213008435","-779.1618628971","1","1","1","1","6","6","6","6","undef","undef","undef","undef","undef","undef","undef","undef","0.00819149665952","0.00624699537002","0.00779231362081","0.00546049573691","0.00819149665952","0.00624699537002","0.00779231362081","0.00546049573691","0.00168555474407","1.32416903842","0.67987685121","0.0300500252667","2.84496944403e-06","0.000120144070828","0.000233048580219","7.84844262283e-05","7.46352546521e-06","0.000188750707001","0.00311298995911","0.000154245290869","0.00226389375904","1.6656465743","1.07815114896","0.0448739737233","6","6","6","6","0.0480595471302","0.0607937874306","0.64064641879","0.0934366517971","3.10504021799","3.10447973117","3.34040528605","3.27367194212","0","0","0","0","527.77","914.06","8319.48","249.54","1","2","5","6","0.0","0.807311","6.005913","8.754426","0.0","0.75","6.0","8.75","2.00056528001","1.9960390057","2.23298611177","2.16437358792","2.00056804999","1.99615358948","2.23320328371","2.16447204285","2.0005666354","1.99608910295","2.23601220966","2.1644248496","1.943093","1.947403","2.408958","2.256009","1.943093","1.947403","2.408958","2.256009","1.943093","1.947403","2.408958","2.256009","False","False","False","False","False","False","False","False","False","False","False","False","/home/sgugler/smu/smuNeturalHomo1/optimized_geo/gen_0/gen_0_slot_516_2_2_163_163_163_20_1.xyz","/home/sgugler/smu/smuNeturalHomo1/optimized_geo/gen_0/gen_0_slot_517_2_3_163_163_163_20_2.xyz","/home/sgugler/smu/smuNeturalHomo1/optimized_geo/gen_0/gen_0_slot_516_2_2_163_163_163_20_5.xyz","/home/sgugler/smu/smuNeturalHomo1/optimized_geo/gen_0/gen_0_slot_517_2_3_163_163_163_20_6.xyz","v1.5K","v1.5K","v1.5K","v1.5K","0753f81bf97b+","0753f81bf97b+","0753f81bf97b+","0753f81bf97b+","lacvps_ecp","lacvps_ecp","lacvps_ecp","lacvps_ecp","2","3","2","3","1.0","1.0","1.0","1.0","0.1","0.1","0.1","0.1","b3lyp","b3lyp","b3lyp","b3lyp","undef","undef","undef","undef","0","0","0","0","True","True","True","True",4,163,4
"fe_eq_smi307_ax1_smi307_ax2_smi307_ahf_20","fe_eq_smi307_ax1_smi307_ax2_smi307_ahf_20",4,"fe_smi307_smi307_smi307",2,20,876,877,"smi307","smi307","smi307","True","True","True","True","-2410.3099891678","-2409.7799750478","-2410.2949112897","-2409.7558262481","-2410.3071638645","-2409.6806931917","-2410.2946795955","-2409.6222136512","1","1","1","1","6","6","6","6","undef","undef","undef","undef","undef","undef","undef","undef","0.00997271803178","0.00644738630236","0.0294989638588","0.00223666123522","0.00997271803178","0.00644738630236","0.0294989638588","0.00223666123522","1.46337730089","2.42036986264","0.998760684675","1.82370471796","0.00660350192229","0.010547318229","0.0144562215541","0.00502824301558","0.0649214223185","0.018527889003","0.0380986066041","0.0166098985684","2.2672787301","3.20977200331","1.79834665557","3.10448864997","6","6","6","6","0.808832795674","0.978638940151","0.40773198331","0.948734282091","4.68301768569","4.67970891969","4.97575419598","4.95512332353","0","0","0","0","8742.89","14911.54","5207.34","8436.96","1","2","5","6","0.0","0.82145","6.013396","8.762913","0.0","0.75","6.0","8.75","2.28337284849","2.38624332049","2.64674913645","2.64914253242","2.34829427081","2.37133762636","2.63874362297","2.63638845859","2.29338841726","2.37604242074","2.62563263198","2.63823503841","2.31","2.31","2.31","2.31","2.31","2.31","2.31","2.31","2.31","2.31","2.31","2.31","False","False","False","False","False","False","False","False","False","False","False","False","/home/sgugler/smu/smuNeturalHomo1/optimized_geo/gen_0/gen_0_slot_876_2_2_307_307_307_20_1.xyz","/home/sgugler/smu/smuNeturalHomo1/optimized_geo/gen_0/gen_0_slot_877_2_3_307_307_307_20_2.xyz","/home/sgugler/smu/smuNeturalHomo1/optimized_geo/gen_0/gen_0_slot_876_2_2_307_307_307_20_5.xyz","/home/sgugler/smu/smuNeturalHomo1/optimized_geo/gen_0/gen_0_slot_877_2_3_307_307_307_20_6.xyz","v1.5K","v1.5K","v1.5K","v1.5K","0753f81bf97b+","0753f81bf97b+","0753f81bf97b+","0753f81bf97b+","lacvps_ecp","lacvps_ecp","lacvps_ecp","lacvps_ecp","2","3","2","3","1.0","1.0","1.0","1.0","0.1","0.1","0.1","0.1","b3lyp","b3lyp","b3lyp","b3lyp","undef","undef","undef","undef","0","0","0","0","True","True","True","True",4,307,4
"co_eq_smi21_ax1_smi21_ax2_smi21_ahf_20","co_eq_smi21_ax1_smi21_ax2_smi21_ahf_20",4,"co_smi21_smi21_smi21",3,20,46,47,"smi21","smi21","smi21","True","True","True","True","-2203.4475977217","-2202.9279994600","-2203.4426718934","-2202.8588688332","-2203.3655724652","-2202.8261102221","-2203.3243725862","-2202.7010442227","1","1","1","1","6","6","6","6","undef","undef","undef","undef","undef","undef","undef","undef","0.0","0.0","0.0","0.0","0","0","0","0","1.40348930778","1.43382109023","1.8366331302","2.3063569376","0.00168611906152","0.000366049294435","0.0012429622541","0.00346514361994","0.424539117439","0.000463287005366","0.00264923670951","0.00594691262385","2.76311943005","2.69890919511","2.58823606857","3.52601270145","6","6","6","6","0.855460414098","0.85404469677","0.868827766154","0.859022805269","3.69840721804","3.25930250718","3.56436966475","3.55426078026","0","0","0","0","15531.21","11925.70","14852.33","7535.76","2","1","4","5","0.773036","0.0","3.758265","6.009839","0.75","0.0","3.75","6.0","2.34843969434","2.36863267148","2.64721355226","2.67745140778","2.34930867931","2.3690041361","2.64884364961","2.68339832041","2.55812215995","2.36883516884","2.64841115596","2.68101856587","2.32","2.32","2.32","2.32","2.32","2.32","2.32","2.32","2.32","2.32","2.32","2.32","False","False","False","False","False","False","False","False","False","False","False","False","/home/sgugler/smu/smuNeturalHomo1/optimized_geo/gen_0/gen_0_slot_46_3_2_21_21_21_20_2.xyz","/home/sgugler/smu/smuNeturalHomo1/optimized_geo/gen_0/gen_0_slot_47_3_3_21_21_21_20_1.xyz","/home/sgugler/smu/smuNeturalHomo1/optimized_geo/gen_0/gen_0_slot_46_3_2_21_21_21_20_4.xyz","/home/sgugler/smu/smuNeturalHomo1/optimized_geo/gen_0/gen_0_slot_47_3_3_21_21_21_20_5.xyz","v1.5K","v1.5K","v1.5K","v1.5K","0753f81bf97b+","0753f81bf97b+","0753f81bf97b+","0753f81bf97b+","lacvps_ecp","lacvps_ecp","lacvps_ecp","lacvps_ecp","2","3","2","3","1.0","1.0","1.0","1.0","0.1","0.1","0.1","0.1","b3lyp","b3lyp","b3lyp","b3lyp","undef","undef","undef","undef","0","0","0","0","True","True","True","True",4,21,4
"fe_eq_smi166_ax1_smi166_ax2_smi166_ahf_20","fe_eq_smi166_ax1_smi166_ax2_smi166_ahf_20",4,"fe_smi166_smi166_smi166",2,20,524,525,"smi166","smi166","smi166","True","True","True","True","-2499.4758261644","-2498.9427623100","-2499.4639316425","-2498.9345908567","-2499.4542291798","-2498.9368422815","-2499.4274183163","-2498.9140114483","1","1","1","1","6","6","6","6","undef","undef","undef","undef","undef","undef","undef","undef","0.00395520400039","0.00428103131628","0.00396765878347","0.0027029231283","0.00395520400039","0.00428103131628","0.00396765878347","0.0027029231283","0.316334807147","1.17237562503","0.375632495689","0.276606806418","0.000310365588776","0.00215258935552","0.000741685163482","0.000141817831379","0.000576884312541","0.00353001335157","0.0034626834202","0.000429234499751","0.439368293839","1.49320192555","0.49400668191","0.351697654743","6","6","6","6","1.11255306378","0.119168272979","0.635614970719","0.633715901514","3.42297099658","3.43461923063","3.6827265682","3.60475272363","0","0","0","0","5111.53","14674.07","20414.75","2695.10","1","2","5","6","0.0","0.780852","6.022619","8.75669","0.0","0.75","6.0","8.75","1.93594140665","1.94492494184","2.19649333226","2.11607656759","1.93586214318","1.94541891589","2.19632156044","2.11580713414","1.93626039936","1.9474027434","2.19545412929","2.11616241531","2.073559","2.030943","2.439947","2.243178","2.073559","2.030943","2.439947","2.243178","2.073559","2.030943","2.439947","2.243178","False","False","False","False","False","False","False","False","False","False","False","False","/home/sgugler/smu/smuNeturalHomo1/optimized_geo/gen_0/gen_0_slot_524_2_2_166_166_166_20_1.xyz","/home/sgugler/smu/smuNeturalHomo1/optimized_geo/gen_0/gen_0_slot_525_2_3_166_166_166_20_2.xyz","/home/sgugler/smu/smuNeturalHomo1/optimized_geo/gen_0/gen_0_slot_524_2_2_166_166_166_20_5.xyz","/home/sgugler/smu/smuNeturalHomo1/optimized_geo/gen_0/gen_0_slot_525_2_3_166_166_166_20_6.xyz","v1.5K","v1.5K","v1.5K","v1.5K","0753f81bf97b+","0753f81bf97b+","0753f81bf97b+","0753f81bf97b+","lacvps_ecp","lacvps_ecp","lacvps_ecp","lacvps_ecp","2","3","2","3","1.0","1.0","1.0","1.0","0.1","0.1","0.1","0.1","b3lyp","b3lyp","b3lyp","b3lyp","undef","undef","undef","undef","0","0","0","0","True","True","True","True",4,166,4
"mn_eq_smi155_ax1_smi155_ax2_smi155_ahf_20","mn_eq_smi155_ax1_smi155_ax2_smi155_ahf_20",3,"mn_smi155_smi155_smi155",1,20,482,483,"smi155","smi155","smi155","True","True","True","True","-886.2924296944","-885.6279847567","-886.2137607519","-885.5555704045","-886.1632044938","-885.5793576530","-886.1129827287","-885.5190776964","1","1","1","1","6","6","6","6","undef","undef","undef","undef","undef","undef","undef","undef","0.00530373116174","0.018636128829","0.0339667161019","0.0267429293719","0.00530373116174","0.018636128829","0.0339667161019","0.0267429293719","1.68065645021","1.55666119999","3.05101356688","2.13910379655","0.00893399482447","0.043357532339","0.135319876992","0.0539450008897","0.0194042500916","0.0842514132326","0.869413038697","0.12999294911","2.89476635453","2.64852284099","6.29526361611","3.91238626661","6","6","8","6","0.743005342781","0.899268791285","0.70868931657","0.616633538607","2.84659170993","2.90801127837","3.00210563955","2.91797788612","0","0","0","0","7881.78","13780.12","12916.21","10318.98","2","1","6","5","0.881152","1.908191","9.011623","7.489297","0.75","0.0","8.75","6.0","1.99396121719","2.02762121814","2.30338822037","2.0313222206","1.99347510761","2.02415170143","1.97613313041","2.02967830785","1.97994812222","2.08324671247","2.17789217553","2.06278413234","2.142244","2.083029","2.391362","2.074837","2.142244","2.083029","2.391362","2.074837","2.142244","2.083029","2.391362","2.074837","False","False","False","False","False","False","False","False","False","False","False","False","/home/sgugler/smu/smuNeturalHomo1/optimized_geo/gen_0/gen_0_slot_482_1_2_155_155_155_20_2.xyz","/home/sgugler/smu/smuNeturalHomo1/optimized_geo/gen_0/gen_0_slot_483_1_3_155_155_155_20_1.xyz","/home/sgugler/smu/smuNeturalHomo1/optimized_geo/gen_0/gen_0_slot_482_1_2_155_155_155_20_6.xyz","/home/sgugler/smu/smuNeturalHomo1/optimized_geo/gen_0/gen_0_slot_483_1_3_155_155_155_20_5.xyz","v1.5K","v1.5K","v1.5K","v1.5K","0753f81bf97b+","0753f81bf97b+","0753f81bf97b+","0753f81bf97b+","lacvps_ecp","lacvps_ecp","lacvps_ecp","lacvps_ecp","2","3","2","3","1.0","1.0","1.0","1.0","0.1","0.1","0.1","0.1","b3lyp","b3lyp","b3lyp","b3lyp","undef","undef","undef","undef","0","0","0","0","True","True","True","True",4,155,4
"co_eq_smi163_ax1_smi163_ax2_smi163_ahf_20","co_eq_smi163_ax1_smi163_ax2_smi163_ahf_20",4,"co_smi163_smi163_smi163",3,20,518,519,"smi163","smi163","smi163","True","True","True","True","-801.5372813139","-800.7806646297","-801.5664863465","-800.7489192036","-801.4989167951","-800.7764048357","-801.5458734913","-800.7393396106","1","1","1","1","6","6","6","6","undef","undef","undef","undef","undef","undef","undef","undef","0.00838598486344","0.00648149658192","0.00787818032571","0.00549146338219","0.00838598486344","0.00648149658192","0.00787818032571","0.00549146338219","0.380587435306","0.000619648125877","0.864975222853","1.04227357086","0.00191697445025","3.11341511372e-06","0.00959654544623","0.000786766970205","0.158903289655","6.17064257269e-06","0.0291161812556","0.00170666336081","0.950237954146","0.000917809632909","2.12009616903","1.31375952392","6","6","6","6","0.19366273899","0.0292495003758","1.81708616584","0.123114233221","3.27093011842","3.07357998417","3.32007854913","3.25627132438","0","0","0","0","2407.80","633.86","2529.31","580.18","2","1","4","5","1.17495","0.0","3.754241","6.006326","0.75","0.0","3.75","6.0","2.00774582619","1.96561453996","2.21441146889","2.14634951337","2.00774858721","1.96561096976","2.21574608885","2.14713793518","2.16568864409","1.96561311178","2.19160183312","2.14633855295","1.918308","1.929452","2.374033","2.264338","1.918308","1.929452","2.374033","2.264338","1.918308","1.929452","2.374033","2.264338","False","False","False","False","False","False","False","False","False","False","False","False","/home/sgugler/smu/smuNeturalHomo1/optimized_geo/gen_0/gen_0_slot_518_3_2_163_163_163_20_2.xyz","/home/sgugler/smu/smuNeturalHomo1/optimized_geo/gen_0/gen_0_slot_519_3_3_163_163_163_20_1.xyz","/home/sgugler/smu/smuNeturalHomo1/optimized_geo/gen_0/gen_0_slot_518_3_2_163_163_163_20_4.xyz","/home/sgugler/smu/smuNeturalHomo1/optimized_geo/gen_0/gen_0_slot_519_3_3_163_163_163_20_5.xyz","v1.5K","v1.5K","v1.5K","v1.5K","0753f81bf97b+","0753f81bf97b+","0753f81bf97b+","0753f81bf97b+","lacvps_ecp","lacvps_ecp","lacvps_ecp","lacvps_ecp","2","3","2","3","1.0","1.0","1.0","1.0","0.1","0.1","0.1","0.1","b3lyp","b3lyp","b3lyp","b3lyp","undef","undef","undef","undef","0","0","0","0","True","True","True","True",4,163,4
"co_eq_smi136_ax1_smi136_ax2_smi136_ahf_20","co_eq_smi136_ax1_smi136_ax2_smi136_ahf_20",4,"co_smi136_smi136_smi136",3,20,430,431,"smi136","smi136","smi136","True","True","True","True","-719.8590743815","-719.3598122983","-719.8729811754","-719.3038237823","-719.8590718900","-719.3177449483","-719.8456834002","-719.2770314733","1","1","1","1","6","6","6","6","undef","undef","undef","undef","undef","undef","undef","undef","0.0134277900027","0.0207768913754","0.0178172056686","0.0216834957346","0.0134277900027","0.0207768913754","0.0178172056686","0.0216834957346","4.67893726758","3.33761094911","0.634380268932","4.63020461791","0.0266842127959","0.00779690698907","0.00500206815151","0.0185045263891","0.411780456125","0.023041341033","0.0173808679042","0.0329709746566","8.28603681617","6.17094761285","0.831727131473","8.17894308804","6","6","6","6","0.799861989435","0.411929032508","0.448537213289","0.621195518423","4.49076003986","4.08724798786","4.30215259342","4.26906615939","0","0","0","0","2161.73","5477.77","4908.21","17675.11","2","1","4","5","0.835828","0.0","3.753746","6.007757","0.75","0.0","3.75","6.0","2.07115384332","2.0410180879","2.28083504527","2.23895292023","2.0707917086","2.05966829888","2.28090378004","2.24363915804","2.27352530015","2.05215122777","2.26604137123","2.23086664627","1.926864","1.966571","2.225636","2.22688","1.926864","1.966571","2.225636","2.22688","1.926864","1.966571","2.225636","2.22688","False","False","False","False","False","False","False","False","False","False","False","False","/home/sgugler/smu/smuNeturalHomo1/optimized_geo/gen_0/gen_0_slot_430_3_2_136_136_136_20_2.xyz","/home/sgugler/smu/smuNeturalHomo1/optimized_geo/gen_0/gen_0_slot_431_3_3_136_136_136_20_1.xyz","/home/sgugler/smu/smuNeturalHomo1/optimized_geo/gen_0/gen_0_slot_430_3_2_136_136_136_20_4.xyz","/home/sgugler/smu/smuNeturalHomo1/optimized_geo/gen_0/gen_0_slot_431_3_3_136_136_136_20_5.xyz","v1.5K","v1.5K","v1.5K","v1.5K","0753f81bf97b+","0753f81bf97b+","0753f81bf97b+","0753f81bf97b+","lacvps_ecp","lacvps_ecp","lacvps_ecp","lacvps_ecp","2","3","2","3","1.0","1.0","1.0","1.0","0.1","0.1","0.1","0.1","b3lyp","b3lyp","b3lyp","b3lyp","undef","undef","undef","undef","0","0","0","0","True","True","True","True",4,136,4
"mn_eq_smi14_ax1_smi14_ax2_smi14_ahf_20","mn_eq_smi14_ax1_smi14_ax2_smi14_ahf_20",4,"mn_smi14_smi14_smi14",1,20,26,27,"smi14","smi14","smi14","True","True","True","True","-561.9635580172","-561.3589819802","-562.0433239612","-561.3957053355","-561.9306505706","-561.3187511901","-562.0152558451","-561.3225446694","1","1","1","1","6","6","6","6","undef","undef","undef","undef","undef","undef","undef","undef","0.0","0.0","0.0","0.0","0","0","0","0","6.52185259543","1.15752950057","4.31875397521","0.743462083433","0.0142205367914","0.00331711446049","0.000243389740317","0.00127042204409","0.029180521707","0.0297693861163","0.000542085810515","0.179620975637","9.91406397136","1.94012609255","5.39128728271","1.03378630376","6","6","6","6","0.588787423379","0.600543779561","0.629905105598","0.681014903085","2.78749659648","2.68515855713","2.93107414472","2.85268388832","0","0","0","0","9350.93","49358.70","1837.37","4705.91","2","1","6","5","1.507662","1.263895","8.75127","6.021925","0.75","0.0","8.75","6.0","2.07816442495","1.95711859374","2.20379720716","1.96054665592","2.08122748191","1.95722701895","2.20372135925","1.96001844597","2.09829360612","1.9688033134","2.20396740642","2.04911013292","2.003678","1.906992","2.167128","1.889179","2.003678","1.906992","2.167128","1.889179","2.003678","1.906992","2.167128","1.889179","False","False","False","False","False","False","False","False","False","False","False","False","/home/sgugler/smu/smuNeturalHomo1/optimized_geo/gen_0/gen_0_slot_26_1_2_14_14_14_20_2.xyz","/home/sgugler/smu/smuNeturalHomo1/optimized_geo/gen_0/gen_0_slot_27_1_3_14_14_14_20_1.xyz","/home/sgugler/smu/smuNeturalHomo1/optimized_geo/gen_0/gen_0_slot_26_1_2_14_14_14_20_6.xyz","/home/sgugler/smu/smuNeturalHomo1/optimized_geo/gen_0/gen_0_slot_27_1_3_14_14_14_20_5.xyz","v1.5K","v1.5K","v1.5K","v1.5K","0753f81bf97b+","0753f81bf97b+","0753f81bf97b+","0753f81bf97b+","lacvps_ecp","lacvps_ecp","lacvps_ecp","lacvps_ecp","2","3","2","3","1.0","1.0","1.0","1.0","0.1","0.1","0.1","0.1","b3lyp","b3lyp","b3lyp","b3lyp","undef","undef","undef","undef","0","0","0","0","True","True","True","True",4,14,4
"fe_eq_smi237_ax1_smi237_ax2_smi237_ahf_20","fe_eq_smi237_ax1_smi237_ax2_smi237_ahf_20",4,"fe_smi237_smi237_smi237",2,20,676,677,"smi237","smi237","smi237","True","True","True","True","-2970.4169611685","-2969.8622737072","-2970.4580643199","-2969.8925416107","-2970.4166372615","-2969.8622730481","-2970.3689606026","-2969.7950250514","1","1","1","1","6","6","6","6","undef","undef","undef","undef","undef","undef","undef","undef","0.00811646040891","0.0169751049502","0.0123389937932","0.0133320640613","0.00811646040891","0.0169751049502","0.0123389937932","0.0133320640613","4.73754559188","5.30763829143","3.02444438214","5.1602886485","0.0266336024074","0.0461334461352","0.0148716859154","0.0339973667185","0.0926480193618","0.170934805081","0.0221516053822","0.0990180730184","7.61957390526","7.86282709316","4.29107883709","9.03016161313","6","6","6","6","0.800110654501","0.78977617232","0.968524801469","1.08971707584","4.12229513232","4.10106572576","4.17979645893","4.39505101807","0","0","0","0","19559.54","901.52","13237.25","10074.19","1","2","5","6","0.897438","0.940421","6.005389","8.757193","0.0","0.75","6.0","8.75","2.05906905237","2.01999578173","2.13708703934","2.21483539249","2.04399826605","2.06612922786","2.14353121433","2.21882581069","2.07050719378","2.09640536957","2.15470237355","2.16544594537","1.933486","1.854889","2.075665","1.988431","1.933486","1.854889","2.075665","1.988431","1.933486","1.854889","2.075665","1.988431","False","False","False","False","False","False","False","False","False","False","False","False","/home/sgugler/smu/smuNeturalHomo1/optimized_geo/gen_0/gen_0_slot_676_2_2_237_237_237_20_1.xyz","/home/sgugler/smu/smuNeturalHomo1/optimized_geo/gen_0/gen_0_slot_677_2_3_237_237_237_20_2.xyz","/home/sgugler/smu/smuNeturalHomo1/optimized_geo/gen_0/gen_0_slot_676_2_2_237_237_237_20_5.xyz","/home/sgugler/smu/smuNeturalHomo1/optimized_geo/gen_0/gen_0_slot_677_2_3_237_237_237_20_6.xyz","v1.5K","v1.5K","v1.5K","v1.5K","0753f81bf97b+","0753f81bf97b+","0753f81bf97b+","0753f81bf97b+","lacvps_ecp","lacvps_ecp","lacvps_ecp","lacvps_ecp","2","3","2","3","1.0","1.0","1.0","1.0","0.1","0.1","0.1","0.1","b3lyp","b3lyp","b3lyp","b3lyp","undef","undef","undef","undef","0","0","0","0","True","True","True","True",4,237,4
"fe_eq_smi245_ax1_smi245_ax2_smi245_ahf_20","fe_eq_smi245_ax1_smi245_ax2_smi245_ahf_20",4,"fe_smi245_smi245_smi245",2,20,708,709,"smi245","smi245","smi245","True","True","True","True","-2625.7909760475","-2625.3423130281","-2625.8962189039","-2625.3754445410","-2625.7900086615","-2625.3361505287","-2625.8600008713","-2625.3362567255","1","1","1","1","6","6","6","6","undef","undef","undef","undef","undef","undef","undef","undef","0.02895218974","0.0214243844197","0.0294852245103","0.0200974456286","0.02895218974","0.0214243844197","0.0294852245103","0.0200974456286","2.18966471502","4.17314048868","2.10875735","1.94827617008","0.0259498518813","0.00706133482246","0.015192626562","0.0119934008293","0.0611896405158","0.0255302107885","0.0586798762121","0.0306098465406","3.43126473458","6.71190793393","3.12683468571","3.66068246425","6","6","6","6","0.965210138297","1.15292132276","0.877101490329","0.908618984363","4.53910036929","3.9183177607","4.4303191123","4.34077408481","0","0","0","0","10652.69","13201.27","9530.36","14181.72","1","2","5","6","3.923184","0.855445","6.046388","8.763849","0.0","0.75","6.0","8.75","2.06791275585","1.95474842242","2.07417957355","2.02692069861","2.11349155037","1.95001431215","2.08937220011","2.04526202425","2.11199124646","1.95208257661","2.10320174097","2.04281869769","1.945892","1.874434","2.088102","1.980315","1.945892","1.874434","2.088102","1.980315","1.945892","1.874434","2.088102","1.980315","False","False","False","False","False","False","False","False","False","False","False","False","/home/sgugler/smu/smuNeturalHomo1/optimized_geo/gen_0/gen_0_slot_708_2_2_245_245_245_20_1.xyz","/home/sgugler/smu/smuNeturalHomo1/optimized_geo/gen_0/gen_0_slot_709_2_3_245_245_245_20_2.xyz","/home/sgugler/smu/smuNeturalHomo1/optimized_geo/gen_0/gen_0_slot_708_2_2_245_245_245_20_5.xyz","/home/sgugler/smu/smuNeturalHomo1/optimized_geo/gen_0/gen_0_slot_709_2_3_245_245_245_20_6.xyz","v1.5K","v1.5K","v1.5K","v1.5K","0753f81bf97b+","0753f81bf97b+","0753f81bf97b+","0753f81bf97b+","lacvps_ecp","lacvps_ecp","lacvps_ecp","lacvps_ecp","2","3","2","3","1.0","1.0","1.0","1.0","0.1","0.1","0.1","0.1","b3lyp","b3lyp","b3lyp","b3lyp","undef","undef","undef","undef","0","0","0","0","True","True","True","True",4,245,4
"co_eq_smi238_ax1_smi238_ax2_smi238_ahf_20","co_eq_smi238_ax1_smi238_ax2_smi238_ahf_20",4,"co_smi238_smi238_smi238",3,20,686,687,"smi238","smi238","smi238","True","True","True","True","-831.6579621069","-831.0970556562","-831.6788043749","-831.0742402499","-831.6577071997","-831.0177121744","-831.6443442734","-831.0434789524","1","1","1","1","6","6","6","6","undef","undef","undef","undef","undef","undef","undef","undef","0.00369887463644","0.00281365700885","0.00393228880211","0.00650672118926","0.00369887463644","0.00281365700885","0.00393228880211","0.00650672118926","3.71114775985","1.723216624","1.92703690825","1.46481213963","0.00598989387298","0.200335011916","0.000371714373381","0.0128004485529","0.294058884236","0.351172470417","0.0255668808639","0.0247193661362","6.72791571684","3.09746385174","2.86336702212","2.72861031048","6","6","6","6","1.38248626618","0.53867147725","1.56762366279","1.37611437291","4.29854760914","4.25840036902","4.1059749852","4.08823448566","0","0","0","0","5116.36","17673.41","8428.46","10161.54","2","1","4","5","1.037563","0.0","3.754842","6.011022","0.75","0.0","3.75","6.0","2.28437249521","2.29981766676","2.13184434761","2.05100704818","2.19366856636","2.30567691334","2.13170458674","2.07318486599","1.99306069803","2.06901671296","2.10649406761","2.06228335002","1.872236","1.842709","2.078044","1.978358","1.872236","1.842709","2.078044","1.978358","1.872236","1.842709","2.078044","1.978358","False","False","False","False","False","False","False","False","False","False","False","False","/home/sgugler/smu/smuNeturalHomo1/optimized_geo/gen_0/gen_0_slot_686_3_2_238_238_238_20_2.xyz","/home/sgugler/smu/smuNeturalHomo1/optimized_geo/gen_0/gen_0_slot_687_3_3_238_238_238_20_1.xyz","/home/sgugler/smu/smuNeturalHomo1/optimized_geo/gen_0/gen_0_slot_686_3_2_238_238_238_20_4.xyz","/home/sgugler/smu/smuNeturalHomo1/optimized_geo/gen_0/gen_0_slot_687_3_3_238_238_238_20_5.xyz","v1.5K","v1.5K","v1.5K","v1.5K","0753f81bf97b+","0753f81bf97b+","0753f81bf97b+","0753f81bf97b+","lacvps_ecp","lacvps_ecp","lacvps_ecp","lacvps_ecp","2","3","2","3","1.0","1.0","1.0","1.0","0.1","0.1","0.1","0.1","b3lyp","b3lyp","b3lyp","b3lyp","undef","undef","undef","undef","0","0","0","0","True","True","True","True",4,238,4
"co_eq_smi161_ax1_smi161_ax2_smi161_ahf_20","co_eq_smi161_ax1_smi161_ax2_smi161_ahf_20",4,"co_smi161_smi161_smi161",3,20,510,511,"smi161","smi161","smi161","True","True","True","True","-705.1939890068","-704.6230326499","-705.2130528067","-704.5750856341","-705.1831794959","-704.6174814326","-705.1852515437","-704.5409478478","1","1","1","1","6","6","6","6","undef","undef","undef","undef","undef","undef","undef","undef","0.00451749851676","0.0046334991532","0.00287808406331","0.00177548396441","0.00451749851676","0.0046334991532","0.00287808406331","0.00177548396441","0.24262087869","0.000247145344932","1.24663828759","0.41903361108","0.00478088001998","8.27564803352e-07","0.000219443616138","0.000216002826416","0.175174337872","2.77005011706e-06","0.000707441725395","0.0193689826636","0.600758350344","0.00050060468476","1.58335151733","1.02764226241","6","6","6","6","0.103723097931","0.025782890622","0.223091304265","0.18526057198","4.35769157626","4.15528085754","4.3906831976","4.32074881233","0","0","0","0","2692.01","887.20","525.63","838.51","2","1","4","5","1.01633","0.0","3.755236","6.007664","0.75","0.0","3.75","6.0","1.95377221516","1.91969762474","2.16122689356","2.06239960093","1.95378211782","1.91969728532","2.16144633718","2.06261560376","2.1265558921","1.91969725786","2.16131760939","2.07213201075","2.00404","1.946794","2.386096","2.264797","2.00404","1.946794","2.386096","2.264797","2.00404","1.946794","2.386096","2.264797","False","False","False","False","False","False","False","False","False","False","False","False","/home/sgugler/smu/smuNeturalHomo1/optimized_geo/gen_0/gen_0_slot_510_3_2_161_161_161_20_2.xyz","/home/sgugler/smu/smuNeturalHomo1/optimized_geo/gen_0/gen_0_slot_511_3_3_161_161_161_20_1.xyz","/home/sgugler/smu/smuNeturalHomo1/optimized_geo/gen_0/gen_0_slot_510_3_2_161_161_161_20_4.xyz","/home/sgugler/smu/smuNeturalHomo1/optimized_geo/gen_0/gen_0_slot_511_3_3_161_161_161_20_5.xyz","v1.5K","v1.5K","v1.5K","v1.5K","0753f81bf97b+","0753f81bf97b+","0753f81bf97b+","0753f81bf97b+","lacvps_ecp","lacvps_ecp","lacvps_ecp","lacvps_ecp","2","3","2","3","1.0","1.0","1.0","1.0","0.1","0.1","0.1","0.1","b3lyp","b3lyp","b3lyp","b3lyp","undef","undef","undef","undef","0","0","0","0","True","True","True","True",4,161,4
"co_eq_smi14_ax1_smi14_ax2_smi14_ahf_20","co_eq_smi14_ax1_smi14_ax2_smi14_ahf_20",4,"co_smi14_smi14_smi14",3,20,30,31,"smi14","smi14","smi14","True","True","True","True","-603.1196133533","-602.4796784361","-603.1515437098","-602.4764865348","-603.0609680901","-602.4268520633","-603.1227602183","-602.4361534408","1","1","1","1","6","6","6","6","undef","undef","undef","undef","undef","undef","undef","undef","0.0","0.0","0.0","0.0","0","0","0","0","5.52511918209","3.66577726841","5.18796603472","0.384107008867","0.067764989011","0.00353505197523","0.00577878618233","0.000985651507809","0.149073566029","0.0155563565292","0.0269558497878","0.00645331482144","7.57503967916","4.89813836676","6.72154880305","0.704938148048","6","6","6","6","0.744480531823","0.701116800682","0.710051732022","0.776125560424","2.88427543185","2.64589825652","2.83345944655","2.73685396356","0","0","0","0","13614.48","9958.11","3369.27","2545.96","2","1","4","5","1.324922","1e-06","3.752583","6.007012","0.75","0.0","3.75","6.0","2.16031329038","1.93163569117","2.1242834681","2.0319266991","2.15898742201","1.93121414936","2.12475665723","2.03155207372","2.03957562106","1.92915383898","2.11651289293","2.02845134785","1.926663","1.852092","2.059915","1.96835","1.926663","1.852092","2.059915","1.96835","1.926663","1.852092","2.059915","1.96835","False","False","False","False","False","False","False","False","False","False","False","False","/home/sgugler/smu/smuNeturalHomo1/optimized_geo/gen_0/gen_0_slot_30_3_2_14_14_14_20_2.xyz","/home/sgugler/smu/smuNeturalHomo1/optimized_geo/gen_0/gen_0_slot_31_3_3_14_14_14_20_1.xyz","/home/sgugler/smu/smuNeturalHomo1/optimized_geo/gen_0/gen_0_slot_30_3_2_14_14_14_20_4.xyz","/home/sgugler/smu/smuNeturalHomo1/optimized_geo/gen_0/gen_0_slot_31_3_3_14_14_14_20_5.xyz","v1.5K","v1.5K","v1.5K","v1.5K","0753f81bf97b+","0753f81bf97b+","0753f81bf97b+","0753f81bf97b+","lacvps_ecp","lacvps_ecp","lacvps_ecp","lacvps_ecp","2","3","2","3","1.0","1.0","1.0","1.0","0.1","0.1","0.1","0.1","b3lyp","b3lyp","b3lyp","b3lyp","undef","undef","undef","undef","0","0","0","0","True","True","True","True",4,14,4
"cr_eq_smi163_ax1_smi163_ax2_smi163_ahf_20","cr_eq_smi163_ax1_smi163_ax2_smi163_ahf_20",4,"cr_smi163_smi163_smi163",0,20,512,513,"smi163","smi163","smi163","True","True","True","True","-742.7929300464","-742.0790950680","-742.8226768326","-742.1201120954","-742.7928756840","-742.0751103303","-742.8128657494","-742.1027595051","1","1","1","1","6","6","6","6","undef","undef","undef","undef","undef","undef","undef","undef","0.00751562532817","0.00557659933357","0.00778442902013","0.00585877540816","0.00751562532817","0.00557659933358","0.00778442902013","0.00585877540816","0.606177106333","3.46351395528","0.0205655175061","0.430792258074","0.0321483879062","0.00295278379515","0.000571126020018","0.000112014234814","0.0934304365714","0.00955093384872","0.221433979643","0.000189347368365","1.43712251587","6.33227985142","0.0463423351925","0.539720393744","6","6","6","6","0.0968221025042","0.483914164969","0.109666992977","0.582706740286","3.32184260129","3.1954910312","3.46715241368","3.19981787435","0","0","0","0","6945.38","10919.83","958.17","1916.58","1","2","5","4","1.465627","1.757062","6.006597","3.777344","0.0","0.75","6.0","3.75","2.12308314787","2.0796551879","2.14107689777","2.09121464294","2.12323810333","2.08054720351","2.1411161547","2.0912780649","2.18566883826","2.08502366435","2.36222859204","2.09126342116","2.067682","2.193387","2.235155","2.178269","2.067682","2.193387","2.235155","2.178269","2.067682","2.193387","2.235155","2.178269","False","False","False","False","False","False","False","False","False","False","False","False","/home/sgugler/smu/smuNeturalHomo1/optimized_geo/gen_0/gen_0_slot_512_0_2_163_163_163_20_1.xyz","/home/sgugler/smu/smuNeturalHomo1/optimized_geo/gen_0/gen_0_slot_513_0_3_163_163_163_20_2.xyz","/home/sgugler/smu/smuNeturalHomo1/optimized_geo/gen_0/gen_0_slot_512_0_2_163_163_163_20_5.xyz","/home/sgugler/smu/smuNeturalHomo1/optimized_geo/gen_0/gen_0_slot_513_0_3_163_163_163_20_4.xyz","v1.5K","v1.5K","v1.5K","v1.5K","0753f81bf97b+","0753f81bf97b+","0753f81bf97b+","0753f81bf97b+","lacvps_ecp","lacvps_ecp","lacvps_ecp","lacvps_ecp","2","3","2","3","1.0","1.0","1.0","1.0","0.1","0.1","0.1","0.1","b3lyp","b3lyp","b3lyp","b3lyp","undef","undef","undef","undef","0","0","0","0","True","True","True","True",4,163,4
"mn_eq_smi245_ax1_smi245_ax2_smi245_ahf_20","mn_eq_smi245_ax1_smi245_ax2_smi245_ahf_20",4,"mn_smi245_smi245_smi245",1,20,706,707,"smi245","smi245","smi245","True","True","True","True","-2606.3649342856","-2605.8017850373","-2606.4205523809","-2605.8781476766","-2606.3629664615","-2605.8017734961","-2606.3803354375","-2605.8777546115","1","1","1","1","6","6","6","6","undef","undef","undef","undef","undef","undef","undef","undef","0.01533047892","0.0229748808032","0.0284204144374","0.021026801802","0.01533047892","0.0229748808032","0.0284204144374","0.021026801802","3.95226186637","1.84397324332","2.35179722875","3.48395433522","0.0375238639986","0.0311293919805","0.0130638118174","0.0426480312247","0.144531287638","0.0932114586813","0.0254813825076","0.139456844783","7.17229550176","3.3939688358","4.29878070503","7.57532958193","6","6","6","6","0.892269873364","0.997393969273","0.883002972803","0.946169239699","4.50529976564","4.20019379573","4.50254167772","4.21358646509","0","0","0","0","6207.82","4535.93","19097.31","8364.18","2","1","6","5","0.892164","1.884506","8.752261","6.22513","0.75","0.0","8.75","6.0","2.19387689599","1.9201721295","2.20576707884","2.11344954953","2.20450570383","1.91561144604","2.18028569634","2.14074415525","2.14275845233","1.96496603532","2.19307377294","2.0211277213","2.026931","1.922622","2.204816","1.876262","2.026931","1.922622","2.204816","1.876262","2.026931","1.922622","2.204816","1.876262","False","False","False","False","False","False","False","False","False","False","False","False","/home/sgugler/smu/smuNeturalHomo1/optimized_geo/gen_0/gen_0_slot_706_1_2_245_245_245_20_2.xyz","/home/sgugler/smu/smuNeturalHomo1/optimized_geo/gen_0/gen_0_slot_707_1_3_245_245_245_20_1.xyz","/home/sgugler/smu/smuNeturalHomo1/optimized_geo/gen_0/gen_0_slot_706_1_2_245_245_245_20_6.xyz","/home/sgugler/smu/smuNeturalHomo1/optimized_geo/gen_0/gen_0_slot_707_1_3_245_245_245_20_5.xyz","v1.5K","v1.5K","v1.5K","v1.5K","0753f81bf97b+","0753f81bf97b+","0753f81bf97b+","0753f81bf97b+","lacvps_ecp","lacvps_ecp","lacvps_ecp","lacvps_ecp","2","3","2","3","1.0","1.0","1.0","1.0","0.1","0.1","0.1","0.1","b3lyp","b3lyp","b3lyp","b3lyp","undef","undef","undef","undef","0","0","0","0","True","True","True","True",4,245,4
"fe_eq_smi14_ax1_smi14_ax2_smi14_ahf_20","fe_eq_smi14_ax1_smi14_ax2_smi14_ahf_20",4,"fe_smi14_smi14_smi14",2,20,28,29,"smi14","smi14","smi14","True","True","True","True","-581.4850207234","-580.8599261979","-581.5236305971","-580.9010747804","-581.4347625182","-580.8111132045","-581.4912641041","-580.8622327705","1","1","1","1","6","6","6","6","undef","undef","undef","undef","undef","undef","undef","undef","0.0","0.0","0.0","0.0","0","0","0","0","4.44944185014","2.86494656198","4.24457260164","0.440236955941","0.000219792861437","0.00287482105887","0.0251309133447","0.000171949938399","0.000497011198094","0.0212071122478","0.0589287145393","0.000433322411351","5.57478292172","3.80062702576","6.55878584294","0.552746768688","6","6","6","6","0.672054953144","0.698938810279","0.674107327608","0.568857518753","2.76619120135","2.64438906325","2.88129260177","2.74990650311","0","0","0","0","8317.29","8821.80","2601.80","779.81","1","2","5","6","0.918945","0.853458","6.003378","8.755883","0.0","0.75","6.0","8.75","2.05755645176","1.95160825101","2.11740159832","2.04106861593","2.05736550063","1.95130162218","2.11932052565","2.04118123294","2.05753531247","1.93971300246","2.16354684066","2.04113190452","1.933486","1.854889","2.075665","1.988431","1.933486","1.854889","2.075665","1.988431","1.933486","1.854889","2.075665","1.988431","False","False","False","False","False","False","False","False","False","False","False","False","/home/sgugler/smu/smuNeturalHomo1/optimized_geo/gen_0/gen_0_slot_28_2_2_14_14_14_20_1.xyz","/home/sgugler/smu/smuNeturalHomo1/optimized_geo/gen_0/gen_0_slot_29_2_3_14_14_14_20_2.xyz","/home/sgugler/smu/smuNeturalHomo1/optimized_geo/gen_0/gen_0_slot_28_2_2_14_14_14_20_5.xyz","/home/sgugler/smu/smuNeturalHomo1/optimized_geo/gen_0/gen_0_slot_29_2_3_14_14_14_20_6.xyz","v1.5K","v1.5K","v1.5K","v1.5K","0753f81bf97b+","0753f81bf97b+","0753f81bf97b+","0753f81bf97b+","lacvps_ecp","lacvps_ecp","lacvps_ecp","lacvps_ecp","2","3","2","3","1.0","1.0","1.0","1.0","0.1","0.1","0.1","0.1","b3lyp","b3lyp","b3lyp","b3lyp","undef","undef","undef","undef","0","0","0","0","True","True","True","True",4,14,4
"co_eq_smi166_ax1_smi166_ax2_smi166_ahf_20","co_eq_smi166_ax1_smi166_ax2_smi166_ahf_20",4,"co_smi166_smi166_smi166",3,20,526,527,"smi166","smi166","smi166","True","True","True","True","-2521.0848255965","-2520.5764129202","-2521.0926269858","-2520.5190620906","-2521.0692419321","-2520.5620754971","-2521.0552630195","-2520.4896517151","1","1","1","1","6","6","6","6","undef","undef","undef","undef","undef","undef","undef","undef","0.00501988769803","0.00501662087504","0.00406324454462","0.00298130689195","0.00501988769803","0.00501662087504","0.00406324454462","0.00298130689195","0.258343590469","0.168832956303","0.806470621414","0.722267607952","0.000275635821226","7.85763831816e-05","0.000175926194743","0.000579694574852","0.35387170485","0.000180336202156","0.000766279286572","0.0197608793998","0.32408651581","0.214131384997","1.38793912669","1.39050609615","6","6","6","6","0.59842736333","0.58711809071","0.649586633339","0.671589732098","3.77852822495","3.41456426533","3.64856616032","3.59450470946","0","0","0","0","8333.67","4733.95","3642.20","5105.07","2","1","4","5","0.760012","0.0","3.761036","6.01159","0.75","0.0","3.75","6.0","1.93677400725","1.92970054645","2.16268976956","2.08692386943","1.93671357051","1.92988088265","2.16209941647","2.08682977707","2.11373129634","1.92979734443","2.16266621289","2.09690858618","2.051823","2.015115","2.395768","2.258502","2.051823","2.015115","2.395768","2.258502","2.051823","2.015115","2.395768","2.258502","False","False","False","False","False","False","False","False","False","False","False","False","/home/sgugler/smu/smuNeturalHomo1/optimized_geo/gen_0/gen_0_slot_526_3_2_166_166_166_20_2.xyz","/home/sgugler/smu/smuNeturalHomo1/optimized_geo/gen_0/gen_0_slot_527_3_3_166_166_166_20_1.xyz","/home/sgugler/smu/smuNeturalHomo1/optimized_geo/gen_0/gen_0_slot_526_3_2_166_166_166_20_4.xyz","/home/sgugler/smu/smuNeturalHomo1/optimized_geo/gen_0/gen_0_slot_527_3_3_166_166_166_20_5.xyz","v1.5K","v1.5K","v1.5K","v1.5K","0753f81bf97b+","0753f81bf97b+","0753f81bf97b+","0753f81bf97b+","lacvps_ecp","lacvps_ecp","lacvps_ecp","lacvps_ecp","2","3","2","3","1.0","1.0","1.0","1.0","0.1","0.1","0.1","0.1","b3lyp","b3lyp","b3lyp","b3lyp","undef","undef","undef","undef","0","0","0","0","True","True","True","True",4,166,4
